[{"id":1,"name":"plaza","bearer":"coach","collection":"","dialog":"En la plaza de la ciudad se juntan pibes a rapear. ¿Te sumás?","yes_flow":15,"yes_popularity":5,"yes_money":0,"yes_health":0,"no_flow":-10,"no_popularity":-5,"no_money":0,"no_health":0,"level_lock":0,"activates_collection":""},{"id":2,"name":"bar","bearer":"coach","collection":"","dialog":"Podes juntar algo de plata y practicar yendo a bares a improvisar","yes_flow":10,"yes_popularity":10,"yes_money":10,"yes_health":0,"no_flow":-5,"no_popularity":-5,"no_money":-5,"no_health":0,"level_lock":0,"activates_collection":""},{"id":3,"name":"beats_internet","bearer":"coach","collection":"","dialog":"¿Pensaste en bajar beats de internet para tus rimas?","yes_flow":15,"yes_popularity":0,"yes_money":0,"yes_health":0,"no_flow":-10,"no_popularity":0,"no_money":-10,"no_health":0,"level_lock":0,"activates_collection":""},{"id":4,"name":"instagram","bearer":"coach","collection":"","dialog":"Deberias abrirte un Instagram. Todos tienen uno.","yes_flow":0,"yes_popularity":15,"yes_money":0,"yes_health":-10,"no_flow":0,"no_popularity":-20,"no_money":0,"no_health":0,"level_lock":0,"activates_collection":""},{"id":5,"name":"mejorar_microfono","bearer":"coach","collection":"","dialog":"Un microfono mas piola puede hacer que vos tambien suenes mas piola","yes_flow":10,"yes_popularity":5,"yes_money":-15,"yes_health":0,"no_flow":0,"no_popularity":-5,"no_money":10,"no_health":0,"level_lock":0,"activates_collection":""},{"id":6,"name":"tiktok","bearer":"coach","collection":"","dialog":"Deberias abrirte un TikTok, ahi estan los jovenes.","yes_flow":0,"yes_popularity":20,"yes_money":10,"yes_health":-10,"no_flow":0,"no_popularity":-10,"no_money":0,"no_health":0,"level_lock":0,"activates_collection":""},{"id":7,"name":"energy_drink","bearer":"coach","collection":"","dialog":"Es tarde, ¿querés un energizante?","yes_flow":5,"yes_popularity":0,"yes_money":0,"yes_health":-10,"no_flow":-5,"no_popularity":0,"no_money":0,"no_health":15,"level_lock":0,"activates_collection":""},{"id":8,"name":"collab_hypeman","bearer":"hypeman","collection":"","dialog":"Hermano, soy tu fan desde Cemento. Deberiamos hacer una colaboración.","yes_flow":0,"yes_popularity":20,"yes_money":10,"yes_health":0,"no_flow":10,"no_popularity":-10,"no_money":-10,"no_health":0,"level_lock":8,"activates_collection":""},{"id":9,"name":"bar_hypeman","bearer":"hypeman","collection":"","dialog":"Hermano, conozco un bar al que van a tocar otros musicos. ¿Te pongo en contacto?","yes_flow":0,"yes_popularity":10,"yes_money":20,"yes_health":0,"no_flow":0,"no_popularity":-20,"no_money":-10,"no_health":0,"level_lock":8,"activates_collection":""},{"id":10,"name":"mejorar_estudio","bearer":"crewman","collection":"","dialog":"Deberias mejorar tu estudio para poder hacer mejores canciones.","yes_flow":20,"yes_popularity":20,"yes_money":0,"yes_health":0,"no_flow":-10,"no_popularity":0,"no_money":-15,"no_health":0,"level_lock":8,"activates_collection":""},{"id":11,"name":"evento_cultural","bearer":"crewman","collection":"","dialog":"Amigo, nos invitaron a participar de un evento cultural.","yes_flow":10,"yes_popularity":10,"yes_money":0,"yes_health":0,"no_flow":-10,"no_popularity":-10,"no_money":0,"no_health":0,"level_lock":8,"activates_collection":""},{"id":12,"name":"fiesta","bearer":"crewman","collection":"","dialog":"Amigo, es fin de semana largo. ¿Party todo el finde?","yes_flow":0,"yes_popularity":0,"yes_money":0,"yes_health":-20,"no_flow":0,"no_popularity":0,"no_money":0,"no_health":15,"level_lock":8,"activates_collection":""},{"id":13,"name":"competencia_local","bearer":"crewman","collection":"","dialog":"Amigo, estan abiertas las inscripciones al torneo local de freestyle. ¿Te sumás?","yes_flow":20,"yes_popularity":20,"yes_money":-15,"yes_health":0,"no_flow":-15,"no_popularity":-15,"no_money":0,"no_health":0,"level_lock":8,"activates_collection":"local_comp"},{"id":14,"name":"grabar_sample","bearer":"coach","collection":"","dialog":"Creo que estas en una excelente posicion para grabar un sample.","yes_flow":0,"yes_popularity":20,"yes_money":20,"yes_health":0,"no_flow":-15,"no_popularity":-15,"no_money":-15,"no_health":0,"level_lock":8,"activates_collection":""},{"id":15,"name":"mejorar_estructuras","bearer":"coach","collection":"local_comp","dialog":"Deberias practicar y tratar de mejorar tus estructuras","yes_flow":20,"yes_popularity":0,"yes_money":0,"yes_health":0,"no_flow":-20,"no_popularity":0,"no_money":0,"no_health":0,"level_lock":8,"activates_collection":""},{"id":16,"name":"mejorar_rimas","bearer":"coach","collection":"local_comp","dialog":"Deberias improvisar y tratar de mejorar tus rimas","yes_flow":20,"yes_popularity":10,"yes_money":0,"yes_health":0,"no_flow":-30,"no_popularity":0,"no_money":0,"no_health":0,"level_lock":8,"activates_collection":""},{"id":17,"name":"apelar_publico","bearer":"coach","collection":"local_comp","dialog":"Recorda apelar al publico en batalla, sus aplausos valen mucho","yes_flow":30,"yes_popularity":-10,"yes_money":0,"yes_health":0,"no_flow":10,"no_popularity":-20,"no_money":0,"no_health":0,"level_lock":8,"activates_collection":""},{"id":18,"name":"apelar_enemigo","bearer":"hypeman","collection":"local_comp","dialog":"Creo que deberias rimar humillando a tu contrincante en batalla, eso los va a impresionar","yes_flow":40,"yes_popularity":-20,"yes_money":0,"yes_health":0,"no_flow":20,"no_popularity":40,"no_money":0,"no_health":0,"level_lock":10,"activates_collection":""},{"id":19,"name":"mejorar_look","bearer":"crewman","collection":"local_comp","dialog":"No estaria mal que mejores tu outfit antes de la competencia, para impresionar","yes_flow":0,"yes_popularity":-10,"yes_money":-20,"yes_health":0,"no_flow":0,"no_popularity":20,"no_money":30,"no_health":0,"level_lock":10,"activates_collection":""},{"id":20,"name":"club_crewman","bearer":"crewman","collection":"local_comp","dialog":"¿Queres tocar en el club donde se hacen las competencias, en otra fecha?","yes_flow":0,"yes_popularity":40,"yes_money":20,"yes_health":0,"no_flow":0,"no_popularity":-30,"no_money":-30,"no_health":0,"level_lock":10,"activates_collection":""},{"id":21,"name":"casa_hypeman","bearer":"hypeman","collection":"local_comp","dialog":"Tengo mi casa libre el fin de semana, ¿quieren juntarse a improvisar?","yes_flow":40,"yes_popularity":0,"yes_money":0,"yes_health":-20,"no_flow":-20,"no_popularity":0,"no_money":0,"no_health":0,"level_lock":8,"activates_collection":""},{"id":22,"name":"she_introduccion","bearer":"she","collection":"local_comp","dialog":"Hola... ¿te gustaria tener una cita conmigo?","yes_flow":0,"yes_popularity":-20,"yes_money":0,"yes_health":0,"no_flow":0,"no_popularity":20,"no_money":20,"no_health":0,"level_lock":12,"activates_collection":"knows_her"},{"id":23,"name":"energy_drink_2","bearer":"hypeman","collection":"","dialog":"Es tarde, ¿querés un energizante?","yes_flow":0,"yes_popularity":0,"yes_money":0,"yes_health":-30,"no_flow":0,"no_popularity":0,"no_money":0,"no_health":25,"level_lock":10,"activates_collection":""},{"id":24,"name":"she_improvisacion","bearer":"she","collection":"knows_her","dialog":"¿Improvisarias algo para mi?","yes_flow":30,"yes_popularity":-30,"yes_money":0,"yes_health":0,"no_flow":-20,"no_popularity":30,"no_money":0,"no_health":0,"level_lock":12,"activates_collection":""},{"id":25,"name":"she_segunda_cita","bearer":"she","collection":"knows_her","dialog":"Vamos a tomar algo a un lugar que yo elija","yes_flow":0,"yes_popularity":-20,"yes_money":-20,"yes_health":0,"no_flow":0,"no_popularity":0,"no_money":30,"no_health":0,"level_lock":20,"activates_collection":""},{"id":26,"name":"she_instagram","bearer":"she","collection":"knows_her","dialog":"Subi una foto conmigo a Instagram","yes_flow":0,"yes_popularity":-20,"yes_money":30,"yes_health":0,"no_flow":0,"no_popularity":-20,"no_money":-20,"no_health":0,"level_lock":25,"activates_collection":"official_her"}]