[{"id":1,"name":"plaza","bearer":"coach","collection":"","dialog":"¿Te sumás a rapear en la plaza de la ciudad?","yes_flow":15,"yes_popularity":5,"yes_money":0,"yes_health":0,"no_flow":-10,"no_popularity":-5,"no_money":0,"no_health":0,"level_lock":0,"activates_collection":""},{"id":2,"name":"bar","bearer":"coach","collection":"","dialog":"¿Querés juntar plata y practicar en bares para improvisar?","yes_flow":10,"yes_popularity":10,"yes_money":10,"yes_health":0,"no_flow":-5,"no_popularity":-5,"no_money":-5,"no_health":0,"level_lock":0,"activates_collection":""},{"id":3,"name":"beats_internet","bearer":"coach","collection":"","dialog":"¿Has pensado en bajar beats de internet para tus rimas?","yes_flow":15,"yes_popularity":0,"yes_money":0,"yes_health":0,"no_flow":-10,"no_popularity":0,"no_money":-10,"no_health":0,"level_lock":0,"activates_collection":""},{"id":4,"name":"instagram","bearer":"coach","collection":"","dialog":"¿Por qué no te abrís un Instagram? Todos tienen uno.","yes_flow":0,"yes_popularity":15,"yes_money":0,"yes_health":-10,"no_flow":0,"no_popularity":-20,"no_money":0,"no_health":0,"level_lock":0,"activates_collection":""},{"id":5,"name":"mejorar_microfono","bearer":"coach","collection":"","dialog":"Un microfono mejor podría hacer que tus rimas suenen mejor.","yes_flow":10,"yes_popularity":5,"yes_money":-15,"yes_health":0,"no_flow":0,"no_popularity":-5,"no_money":10,"no_health":0,"level_lock":0,"activates_collection":""},{"id":6,"name":"tiktok","bearer":"coach","collection":"","dialog":"¿Has considerado abrirte un TikTok? Ahi estan los jovenes.","yes_flow":0,"yes_popularity":20,"yes_money":10,"yes_health":-10,"no_flow":0,"no_popularity":-10,"no_money":0,"no_health":0,"level_lock":0,"activates_collection":""},{"id":7,"name":"energy_drink","bearer":"coach","collection":"","dialog":"¿Te gustaría un energizante, es tarde?","yes_flow":5,"yes_popularity":0,"yes_money":0,"yes_health":-10,"no_flow":-5,"no_popularity":0,"no_money":0,"no_health":15,"level_lock":0,"activates_collection":""},{"id":8,"name":"collab_hypeman","bearer":"hypeman","collection":"","dialog":"Hermano, soy tu fan desde hace tiempo. ¿Por qué no hacemos una colaboración?","yes_flow":0,"yes_popularity":20,"yes_money":10,"yes_health":0,"no_flow":10,"no_popularity":-10,"no_money":-10,"no_health":0,"level_lock":8,"activates_collection":""},{"id":9,"name":"bar_hypeman","bearer":"hypeman","collection":"","dialog":"Hermano, conozco un bar donde tocan otros músicos. ¿Te pongo en contacto con ellos?","yes_flow":0,"yes_popularity":10,"yes_money":20,"yes_health":0,"no_flow":0,"no_popularity":-20,"no_money":-10,"no_health":0,"level_lock":8,"activates_collection":""},{"id":10,"name":"mejorar_estudio","bearer":"crewman","collection":"","dialog":"Deberías mejorar tu estudio para hacer mejores canciones.","yes_flow":20,"yes_popularity":20,"yes_money":0,"yes_health":0,"no_flow":-10,"no_popularity":0,"no_money":-15,"no_health":0,"level_lock":8,"activates_collection":""},{"id":11,"name":"evento_cultural","bearer":"crewman","collection":"","dialog":"Amigo, nos invitaron a un evento cultural. ¿Te gustaría ir?","yes_flow":10,"yes_popularity":10,"yes_money":0,"yes_health":0,"no_flow":-10,"no_popularity":-10,"no_money":0,"no_health":0,"level_lock":8,"activates_collection":""},{"id":12,"name":"fiesta","bearer":"crewman","collection":"","dialog":"Amigo, es fin de semana largo. ¿Qué tal si hacemos una fiesta todo el fin de semana?","yes_flow":0,"yes_popularity":0,"yes_money":0,"yes_health":-20,"no_flow":0,"no_popularity":0,"no_money":0,"no_health":15,"level_lock":8,"activates_collection":""},{"id":13,"name":"competencia_local","bearer":"crewman","collection":"","dialog":"Amigo, se abrieron las inscripciones para el torneo local de freestyle. ¿Te gustaría sumarte?","yes_flow":20,"yes_popularity":20,"yes_money":-15,"yes_health":0,"no_flow":-15,"no_popularity":-15,"no_money":0,"no_health":0,"level_lock":8,"activates_collection":"local_comp"},{"id":14,"name":"grabar_sample","bearer":"coach","collection":"","dialog":"Creo que estás en una posición excelente para grabar un sample.","yes_flow":0,"yes_popularity":20,"yes_money":20,"yes_health":0,"no_flow":-15,"no_popularity":-15,"no_money":-15,"no_health":0,"level_lock":8,"activates_collection":""},{"id":15,"name":"mejorar_estructuras","bearer":"coach","collection":"local_comp","dialog":"Deberías practicar y tratar de mejorar tus estructuras.","yes_flow":20,"yes_popularity":0,"yes_money":0,"yes_health":0,"no_flow":-20,"no_popularity":0,"no_money":0,"no_health":0,"level_lock":8,"activates_collection":""},{"id":16,"name":"mejorar_rimas","bearer":"coach","collection":"local_comp","dialog":"Deberías improvisar y tratar de mejorar tus rimas.","yes_flow":20,"yes_popularity":10,"yes_money":0,"yes_health":0,"no_flow":-30,"no_popularity":0,"no_money":0,"no_health":0,"level_lock":8,"activates_collection":""},{"id":17,"name":"apelar_publico","bearer":"coach","collection":"local_comp","dialog":"Recuerda apelar al público en una batalla de rap, sus aplausos valen mucho.","yes_flow":30,"yes_popularity":-10,"yes_money":0,"yes_health":0,"no_flow":10,"no_popularity":-20,"no_money":0,"no_health":0,"level_lock":8,"activates_collection":""},{"id":18,"name":"apelar_enemigo","bearer":"hypeman","collection":"local_comp","dialog":"Creo que deberías humillar a tu contrincante en una batalla de rap, eso los impresionará.","yes_flow":40,"yes_popularity":-20,"yes_money":0,"yes_health":0,"no_flow":20,"no_popularity":40,"no_money":0,"no_health":0,"level_lock":10,"activates_collection":""},{"id":19,"name":"mejorar_look","bearer":"crewman","collection":"local_comp","dialog":"No estaría mal que mejores tu outfit antes de la competencia, para impresionar.","yes_flow":0,"yes_popularity":-10,"yes_money":-20,"yes_health":0,"no_flow":0,"no_popularity":20,"no_money":30,"no_health":0,"level_lock":10,"activates_collection":""},{"id":20,"name":"club_crewman","bearer":"crewman","collection":"local_comp","dialog":"¿Querés tocar en el club donde se hacen las competencias en otra fecha?","yes_flow":0,"yes_popularity":40,"yes_money":20,"yes_health":0,"no_flow":0,"no_popularity":-30,"no_money":-30,"no_health":0,"level_lock":10,"activates_collection":""},{"id":21,"name":"casa_hypeman","bearer":"hypeman","collection":"local_comp","dialog":"Mi casa está libre este fin de semana. ¿Quieren juntarse a improvisar?","yes_flow":40,"yes_popularity":0,"yes_money":0,"yes_health":-20,"no_flow":-20,"no_popularity":0,"no_money":0,"no_health":0,"level_lock":8,"activates_collection":""},{"id":22,"name":"she_introduccion","bearer":"she","collection":"local_comp","dialog":"Hola... ¿te gustaría tener una cita conmigo?","yes_flow":0,"yes_popularity":-20,"yes_money":0,"yes_health":0,"no_flow":0,"no_popularity":20,"no_money":20,"no_health":0,"level_lock":12,"activates_collection":"knows_her"},{"id":23,"name":"energy_drink_2","bearer":"hypeman","collection":"","dialog":"Es tarde, ¿quieres un energizante?","yes_flow":0,"yes_popularity":0,"yes_money":0,"yes_health":-30,"no_flow":0,"no_popularity":0,"no_money":0,"no_health":25,"level_lock":10,"activates_collection":""},{"id":24,"name":"she_improvisacion","bearer":"she","collection":"knows_her","dialog":"¿Te gustaría improvisar algo para mí?","yes_flow":30,"yes_popularity":-30,"yes_money":0,"yes_health":0,"no_flow":-20,"no_popularity":30,"no_money":0,"no_health":0,"level_lock":12,"activates_collection":""},{"id":25,"name":"she_segunda_cita","bearer":"she","collection":"knows_her","dialog":"Vamos a tomar algo a un lugar que elija yo.","yes_flow":0,"yes_popularity":-20,"yes_money":-20,"yes_health":0,"no_flow":0,"no_popularity":0,"no_money":30,"no_health":0,"level_lock":20,"activates_collection":""},{"id":26,"name":"she_instagram","bearer":"she","collection":"knows_her","dialog":"Subi una foto conmigo a Instagram.","yes_flow":0,"yes_popularity":-20,"yes_money":30,"yes_health":0,"no_flow":0,"no_popularity":-20,"no_money":-20,"no_health":0,"level_lock":25,"activates_collection":"official_her"},{"id":27,"name":"workshop","bearer":"coach","collection":"","dialog":"¿Has pensado en asistir a un taller de rap? Podrías aprender mucho.","yes_flow":20,"yes_popularity":10,"yes_money":-10,"yes_health":0,"no_flow":-15,"no_popularity":-5,"no_money":0,"no_health":0,"level_lock":0,"activates_collection":""},{"id":28,"name":"artist_collab","bearer":"coach","collection":"","dialog":"¿Has pensado en buscar colaboraciones con otros artistas? Puede ser una buena idea.","yes_flow":15,"yes_popularity":15,"yes_money":5,"yes_health":0,"no_flow":-10,"no_popularity":-10,"no_money":-5,"no_health":0,"level_lock":10,"activates_collection":""},{"id":29,"name":"record_song","bearer":"crewman","collection":"","dialog":"¿Has pensado en grabar una canción? Puedes mostrar tu talento a un público más amplio.","yes_flow":20,"yes_popularity":20,"yes_money":20,"yes_health":0,"no_flow":-15,"no_popularity":-15,"no_money":-15,"no_health":0,"level_lock":10,"activates_collection":""},{"id":30,"name":"local_concert","bearer":"crewman","collection":"","dialog":"¿Has pensado en presentarte en conciertos locales? Puedes ganar experiencia y exposición.","yes_flow":15,"yes_popularity":15,"yes_money":0,"yes_health":0,"no_flow":-10,"no_popularity":-10,"no_money":0,"no_health":0,"level_lock":10,"activates_collection":""},{"id":31,"name":"local_interview","bearer":"coach","collection":"","dialog":"¿Te gustaría dar una entrevista en radio? Puede ser una buena manera de promocionarte.","yes_flow":10,"yes_popularity":10,"yes_money":5,"yes_health":0,"no_flow":-5,"no_popularity":-5,"no_money":0,"no_health":0,"level_lock":10,"activates_collection":""},{"id":32,"name":"new_city","bearer":"coach","collection":"","dialog":"¿Qué tal si participamos en un festival de música en otra ciudad?","yes_flow":10,"yes_popularity":15,"yes_money":0,"yes_health":0,"no_flow":-5,"no_popularity":-10,"no_money":0,"no_health":0,"level_lock":10,"activates_collection":""},{"id":33,"name":"famous_collab","bearer":"known_mc","collection":"","dialog":"¿Te gustaría colaborar en una canción con un artista famoso?","yes_flow":5,"yes_popularity":10,"yes_money":0,"yes_health":0,"no_flow":0,"no_popularity":-10,"no_money":-5,"no_health":0,"level_lock":22,"activates_collection":""},{"id":34,"name":"hypeman_battle","bearer":"hypeman","collection":"","dialog":"¿Te interesa participar en una batalla de rap que estoy organizando?","yes_flow":10,"yes_popularity":0,"yes_money":0,"yes_health":0,"no_flow":-10,"no_popularity":0,"no_money":0,"no_health":0,"level_lock":10,"activates_collection":""},{"id":35,"name":"radio_interview","bearer":"crewman","collection":"","dialog":"¿Te gustaría acompañarnos a un programa de radio para hablar sobre nuestra música?","yes_flow":0,"yes_popularity":10,"yes_money":0,"yes_health":0,"no_flow":0,"no_popularity":-15,"no_money":0,"no_health":0,"level_lock":10,"activates_collection":""},{"id":36,"name":"live_presentation","bearer":"hypeman","collection":"","dialog":"¿Te gustaría hacer una presentación en vivo en una televisión local?","yes_flow":5,"yes_popularity":10,"yes_money":0,"yes_health":0,"no_flow":0,"no_popularity":-15,"no_money":0,"no_health":0,"level_lock":10,"activates_collection":""},{"id":37,"name":"tour","bearer":"known_mc","collection":"local_comp","dialog":"¿Te gustaría acompañarnos en una gira por varias ciudades del país?","yes_flow":0,"yes_popularity":15,"yes_money":-10,"yes_health":0,"no_flow":-10,"no_popularity":-10,"no_money":0,"no_health":0,"level_lock":18,"activates_collection":""},{"id":38,"name":"documental","bearer":"known_mc","collection":"local_comp","dialog":"¿Te gustaría participar en un documental sobre la escena del rap local?","yes_flow":10,"yes_popularity":10,"yes_money":0,"yes_health":0,"no_flow":-5,"no_popularity":-15,"no_money":0,"no_health":0,"level_lock":12,"activates_collection":""},{"id":39,"name":"profesh_recording","bearer":"known_mc","collection":"local_comp","dialog":"¿Te gustaría grabar un álbum con nosotros en un estudio profesional?","yes_flow":15,"yes_popularity":15,"yes_money":0,"yes_health":0,"no_flow":-10,"no_popularity":-15,"no_money":0,"no_health":0,"level_lock":20,"activates_collection":""},{"id":40,"name":"special_invitees","bearer":"known_mc","collection":"local_comp","dialog":"¿Te gustaría acompañarnos a un concierto como invitados especiales?","yes_flow":0,"yes_popularity":15,"yes_money":15,"yes_health":0,"no_flow":0,"no_popularity":-15,"no_money":0,"no_health":0,"level_lock":15,"activates_collection":""}]